HOCHSCHULE FUR GESTALTUNG SCHWABISCH GMUND,D SCHWA-G02,48.797,9.795355,GERMANIA
UNIVERSITY OF ILLINOIS AT CHICAGO,USA CHICAGO01,41.87183,-87.64827,STATI UNITI D'AMERICA
UNIVERSITAT STUTTGART,D STUTTGA01,48.781841,9.17579,GERMANIA
TECHNISCHE UNIVERSITEIT DELFT,NL DELFT01,52.005459,4.36919,PAESI BASSI
UNIVERSITAT POLITECNICA DE CATALUNYA,E BARCELO03,41.69216,1.741605,SPAGNA
TAMPERE UNIVERSITY OF TECHNOLOGY,SF TAMPERE02,61.49781,23.76226,FINLANDIA
TONGJI UNIVERSITY,CHN SHANGHAI01,34.36997,-89.530204,REPUBBLICA POPOLARE DI CINA
ECOLE D'ARCHITECTURE PARIS-VAL DE SEINE,F PARIS129,48.852615,2.36235,FRANCIA
L'ECOLE SUPERIEURE DES ARTS SAINT-LUC BRUXELLES,B BRUXEL90,50.855976,4.378305,BELGIO
UNIVERSIDAD POLITECNICA DE VALENCIA,E VALENCI02,39.482349,-0.34603,SPAGNA
UNIVERSITE DE LORRAINE,F NANCY43,38.56753,-98.312694,FRANCIA
FACHHOCHSCHULE FRANKFURT AM MAIN,D FRANKFU04,50.11208,8.683415,GERMANIA
OKLAHOMA STATE UNIVERSITY,USA OKLAHOM01,36.131359,-97.051651,STATI UNITI D'AMERICA
IE UNIVERSIDAD,E SEGOVIA01,53.430361,-8.326615,SPAGNA
ECOLE SPECIALE DES TRAVEAUX PUBLICS DU BATIMENT ET DE L'INDUSTRIE,F PARIS068,30.576789,-89.763464,FRANCIA
UNIVERSITY OF PLYMOUTH,UK PLYMOUT01,50.374321,-4.13863,REGNO UNITO
THE OSLO SCHOOL OF ARCHITECTURE,N OSLO02,59.929239,10.853335,NORVEGIA
UNIVERSIDAD DE BELGRANO,ARG BUENOSAI03,-34.56443,-58.444012,ARGENTINA
UNIVERSITA' FEDERALE DI RIO DE JANEIRO,BRA RIODEJAN02,-22.976734,-43.195084,BRASILE
ECOLE NATIONALE SUPERIEURE DES TELECOMMUNICATIONS DE BRETAGNE,F BREST09,48.081015,-3.078185,FRANCIA
UNIVERSIDADE DO PORTO,P PORTO02,41.14695,-8.61564,PORTOGALLO
ROBERT GORDON UNIVERSITY,UK ABERDEE03,57.14822,-2.09947,REGNO UNITO
UNIVERSITAT RAMON LULL DE BARCELONA,E BARCELO16,41.396095,2.14938,SPAGNA
TECHNISCHE UNIVERSITAT MUNCHEN,D MUNCHEN02,48.714939,10.74031,GERMANIA
ROYAL INSTITUTE OF TECHNOLOGY STOCKHOLM,S STOCKHO04,59.33228,18.06284,SVEZIA
UNIVERSITEIT GENT,B GENT01,51.04771,3.72728,BELGIO
BEIHANG UNIVERSITY,CHN BEIJING01,38.020255,-78.507594,REPUBBLICA POPOLARE DI CINA
ECOLE POLYTECHNIQUE MONTREAL,CAN MONTREA01,45.50271,-73.612409,CANADA
ESCOLA UNIVERSITARIA DAS ARTES DE COIMBRA,P COIMBRA23,40.205805,-8.414555,PORTOGALLO
UNIVERSITY OF SHEFFIELD,UK SHEFFIE01,53.381031,-1.48912,REGNO UNITO
UNIVERSIDADE AUTONOMA DE LISBOA DE LUIS DE CAMOES,P LISBOA11,38.765814,-9.17853,PORTOGALLO
UNIVERSIDADE ESTADUAL DE CAMPINAS,BRA CAMPINAS01,-22.890261,-47.166691,BRASILE
UNIVERSIDAD DE SEVILLA,E SEVILLA01,37.381512,-5.98973,SPAGNA
ECOLE CENTRALE DE LILLE,F LILLE14,50.637185,3.06281,FRANCIA
HOGESCHOOL SINT-LUKAS BRUSSEL,Bæ BRUSSEL37,50.848385,4.349685,BELGIO
UNIVERSITY COLLEGE CORK,IRLCORK01,51.89291,-8.49289,IRLANDA
TECHNISCHE UNIVERSITAT BERLIN,D BERLIN02,52.51268,13.32629,GERMANIA
UNIVERSITY COLLEGE LONDON,UK LONDON029,51.524269,-0.13454,REGNO UNITO
UNIVERSIDADE DE SAO PAULO,BRA SAOPAUL04,-23.56266,-46.722988,BRASILE
THE UNIVERSITY OF WESTERN AUSTRALIA - UWA,,-24.412164,120.961517,AUSTRALIA
DANMARKS TEKNISKE UNIVERSITET,DK LYNGBY01,55.785469,12.52326,DANIMARCA
UNIVERSITE' DE LIEGE,B LIEGE01,50.640759,5.5753,BELGIO
NORWEGIAN UNIVERSITY OF SCIENCE AND TECHNOLOGY,N TRONDHE01,40.682491,-76.253777,NORVEGIA
UNIVERSIDAD DE ALICANTE,E ALICANT01,38.370065,-0.503724,SPAGNA
UNIVERSITE PIERRE ET MARIE CURIE - UPCM,Fæ PARIS006,48.846062,2.35519,FRANCIA
UNIVERSIDAD POLITECNICA DE MADRID,E MADRID05,40.449459,-3.7198,SPAGNA
ECOLE CENTRALE PARIS,F CHATENA02,48.85693,2.3412,FRANCIA
MAU MUSASHINO ART UNIVERSITY,JPN KODAIRA01,34.36997,-89.530204,GIAPPONE
ECOLE NATIONALE SUPERIEURE DU PETROLE ET DES MOTEURS DE RUEIL,F RUEIL-M02,47.271004,5.991313,FRANCIA
ISTANBUL TEKNIK UNIVERSITESI,TR ISTANBU04,41.040852,28.986179,TURCHIA
ECOLE POLYTECHNIQUE FEDERALE DE LAUSANNE,CH LAUSANN06,46.522104,6.63777,SVIZZERA
ECOLE NATIONALE SUPERIEURE D'ARCHITECTURE DE STRASBOURG,F STRASBO16,48.568169,7.757405,FRANCIA
UNIVERSITY OF CYPRUS,CY NICOSIA01,35.132526,33.435505,CIPRO
FACULTES UNIVERSITAIRES NOTRE-DAME DE LA PAIX,B NAMUR01,41.700748,-86.239189,BELGIO
UNIVERSITY OF TECHNOLOGY SYDNEY,AUS SYDNEY02,-33.883362,151.200699,AUSTRALIA
UNIVERZA V LJUBLJANI,SI LJUBLJA01,46.048889,14.503889,SLOVENIA
UNIVERSITY OF GLASGOW,UK GLASGOW01,55.872211,-4.28664,REGNO UNITO
UNIVERSIDADE LUSOFONA DO PORTO,P PORTO57,41.143162,-8.60809,PORTOGALLO
HAFENCITY UNIVERSITÄT HAMBURG,D HAMBURG12,53.56554,9.98663,GERMANIA
KOC UNIVERSITESI,TR ISTANBU17,34.36997,-89.530204,TURCHIA
AMERICAN UNIVERISITY OF SCIENCE AND TECHNOLOGY,LBN BEIRUT01,36.203979,-94.167511,LIBANO
ESCOLA SUPERIOR DE ARTES E DESIGN,P MATOSIN01,39.396019,-9.13591,PORTOGALLO
AALTO YLIOPISTO,SF ESPOO12,60.186111,24.828611,FINLANDIA
VILNIUS ACADEMY OF ARTS,LT VILNIUS03,54.68985,25.26926,LITUANIA
NATIONAL UNIVERSITY OF IRELAND,IRLGALWAY01,53.430361,-8.326615,IRLANDA
ECOLE SUPERIEURE DES ARTS SINT LUC OF LIEGE,Bæ LIEGE07,50.633974,5.60201,BELGIO
UNIVERSIDAD AUTONOMA DE MADRID,E MADRID04,40.54578,-3.69339,SPAGNA
ECOLE D'ARCHITECTURE DE GRENOBLE,F GRENOBL16,44.430231,4.8338,FRANCIA
UNIVERSITY OF WALES NEWPORT,UK NEWP-GW01,35.604325,-91.282509,REGNO UNITO
UNIVERSITE' LIBRE DE BRUXELLES,B BRUXEL04,50.848385,4.349685,BELGIO
UNIVERSIDAD DE VALPARAISO,CHL VALPARAI01,30.511665,-86.492961,CILE
UNIVERSITY OF NEW SOUTH WALES,AUS KENSING01,-33.917332,151.22876,AUSTRALIA
UPPSALA UNIVERSITET,S UPPSALA01,59.858452,17.644051,SVEZIA
QUEENSLAND UNIVERSITY OF TECHNOLOGY,AUS BRISBANE01,-27.34866,153.02359,AUSTRALIA
KUNSTAKADEMIETS ARKITEKTSKOLE,DK KOBENHA06,55.6816,12.6037,DANIMARCA
ECOLE NATIONALE DE L'AVIATION CIVILE,F TOULOUS18,47.224293,6.954612,FRANCIA
ECOLE POLYTECHNIQUE DE PALAISEAU,F PALAISE01,48.71693,2.21841,FRANCIA
STAATLICHE AKADEMIE DER BILDENDEN KUNSTE STUTTGART,D STUTTGA04,48.769775,9.168555,GERMANIA
ECOLE NATIONALE SUPERIUEURE DES ARTS DECORATIFS,F PARIS116,47.271004,5.991313,FRANCIA
ETH - EIDGENOSSISCHE TECHNISCHE HOCHSCHULE ZURICH,CH ZURICH07,47.376362,8.54868,SVIZZERA
CHALMERS UNIVERSITY OF TECHNOLOGY GOTEBORG,S GOTEBOR02,40.66259,-86.870506,SVEZIA
TECHNISCHE UNIVERSITAT WIEN,A WIEN02,48.19891,16.370359,AUSTRIA
ROYAL MELBOURNE INSTITUTE OF TECHNOLOGY,AUS MELBOUR01,-37.760735,145.038376,AUSTRALIA
ECOLE NATIONALE SUPERIEURE D¿ARCHITECTURE DE NORMANDIE,F ROUEN19,49.126305,-0.074555,FRANCIA
UNIVERSIDAD ALFONSO X EL SABIO,E MADRID17,40.450649,-3.98302,SPAGNA
GRIFFITH UNIVERSITY,,-27.543159,153.06636,AUSTRALIA
PONTIFICIA UNIVERSIDAD CATOLICA DE CHILE,CHL SANTIAG02,-37.020664,-87.946239,CILE
UNIVERSIDADE LUSIADA,P LISBOA12,41.17535,-8.58288,PORTOGALLO
PARSONS THE NEW SCHOOL FOR DESIGN,USA NEWYORK02,43.053589,-76.124481,STATI UNITI D'AMERICA
UNIVERSIDAD EUROPEA DE MADRID,E MADRID18,40.477655,-3.70351,SPAGNA
ECOLE NATIONALE SUPERIEURE DE L'AERONATIQUE ET DE L'ESPACE,F TOULOUS16,47.224293,6.954612,FRANCIA
TECHNISCHE UNIVERSITEIT EINDHOVEN,NL EINDHOV17,51.44783,5.48522,PAESI BASSI
FRIEDRICH-SCHILLER-UNIVERSITAT JENA,Dæ JENA01,50.929951,11.5891,GERMANIA
UNIVERSIDAD DE GRANADA,E GRANADA01,37.17832,-3.601634,SPAGNA
TECHNISCHE UNIVERSITAT DRESDEN,D DRESDEN02,51.027081,13.72749,GERMANIA
TSINGHUA UNIVERSITY,CHN BEIJING02,34.36997,-89.530204,REPUBBLICA POPOLARE DI CINA
POZNAN UNIVERSITY OF TECHNOLOGY,PL POZNAN02,52.409,16.9382,POLONIA
OULUN YLIOPISTO,SF OULU01,65.0103,25.473499,FINLANDIA
ECOLE CENTRALE DE LYON,F LYON11,45.759395,4.82898,FRANCIA
RHEINISCH-WESTFALISCHE TECHNISCHE HOCHSCHULE AACHEN,D AACHEN01,50.761145,6.10129,GERMANIA
TECHNISCHE UNIVERSITAT DARMSTADT,D DARMSTA01,49.87458,8.65564,GERMANIA
UNIVERSIDAD DE LAS PALMAS DE GRAN CANARIA,E LAS-PAL01,28.130225,-15.439709,SPAGNA
ECOLE CENTRALE DE NANTES,F NANTES07,47.248032,-1.55059,FRANCIA
CZECH TECHNICAL UNIVERSITY IN PRAGUE,CZ PRAHA10,50.079083,14.43323,REPUBBLICA CECA
LUNDS UNIVERSITET,S LUND01,55.705601,13.19537,SVEZIA
UNIVERSIDAD DEL PAIS VASCO,E BILBAO01,43.331772,-2.97298,SPAGNA
UNIVERSITY COLLEGE FOR THE CREATIVE ARTS,UK MAIDSTO02,54.77549,-1.57693,REGNO UNITO
FACHHOCHSCHULE POTSDAM,D POTSDAM03,52.399355,13.047931,GERMANIA
UNIVERSITY OF MICHIGAN,USA ANNARBOR01,42.320068,-83.230789,STATI UNITI D'AMERICA
UNIVERSIDAD CARDENAL HERRERA - CEU,E VALENCI08,35.889167,-5.315735,SPAGNA
INSTITUTO DE ARTES VISUAIS DESIGN E MARKETING,P LISBOA46,38.706661,-9.15234,PORTOGALLO
UNIVERSITE' LUMIERE (LYON 2),F LYON02,45.371441,-71.944862,FRANCIA
KINGSTON UNIVERSITY,UK KINGSTO01,51.403259,-0.30742,REGNO UNITO
UNIVERSITAT ROVIRA I VIRGILI,Eæ TARRAGO01,41.146641,1.11842,SPAGNA
ISTITUTO SUPERIORE COREANO DI SCIENZA E TECNOLOGIA (KAIST),,13.166175,-3.41205,COREA DEL SUD
UNIVERSITA' CATTOLICA DI LOVANIO,B LEUVEN01,45.144451,9.98941,BELGIO
ECOLE SUPERIEURE D'ART ET DE DESIGN D'ORLEANS,F ORLEANS13,41.302028,-123.539344,FRANCIA
CRANFIELD UNIVERSITY,UK CRANFIE01,52.067329,-0.63461,REGNO UNITO
ECOLE NATIONALE SUPERIEURE DE L'INGEGNERIE DES CONSTRUCTIONS AERONATIQUES,F TOULOUS17,47.271004,5.991313,FRANCIA
UNIVERSITEIT UTRECHT,NL UTRECHT01,52.084782,5.17526,PAESI BASSI
ARKITEKTSKOLEN AARHUS,DK ARHUS04,56.152975,10.20488,DANIMARCA
UNIVERSITAT HANNOVER,D HANNOVE01,52.382141,9.71778,GERMANIA
LONDON METROPOLITAN UNIVERSITY,UK LONDON142,51.51302,-0.07643,REGNO UNITO
UNIVERSIDADE TECNICA DE LISBOA,P LISBOA04,38.71382,-9.193744,PORTOGALLO
UNIVERSIDAD DE VALLADOLID,E VALLADO01,41.65218,-4.7384,SPAGNA
ECOLE NATIONALE SUPERIEURE DE MECANIQUE ET D'AEROTECHNIQUE,F POITIER05,47.339657,5.934897,FRANCIA
ECOLE DES INGENIEURS DE LA VILLE DE PARIS,F PARIS086,48.852615,2.36235,FRANCIA
HOGESCHOOL VAN AMSTERDAM,NL AMSTERD05,52.358921,4.88831,PAESI BASSI
HOCHSCHULE HANNOVER,D HANNOVE05,52.372278,9.738157,GERMANIA
UNIVERSIDAD DE MALAGA,E MALAGA01,36.71832,-4.420159,SPAGNA
INSTITUTO TECNOLOGICO Y DE ESTUDIOS SUPERIORES DE MONTERREY,MEX MONTERR01,25.698355,-100.292282,MESSICO
UNIVERSIDAD DE CHILE,CHL SANTIAG04,-33.464199,-70.610901,CILE
ECOLE NATIONALE SUPERIEURE DE CREATION INDUSTRIELLE - LES ATELIERS,F PARIS174,47.236996,5.878084,FRANCIA
HOCHSCHULE ANHALT (FH) (ANHALT UNIVERSITY OF APPLIED SCIENCES),D KOTHEN01,29.79605,-98.474808,GERMANIA
UNIVERSITAT POMPEU FABRA,E BARCELO15,-19.16779,-44.838259,SPAGNA
ECOLE NATIONALE SUPERIEURE D'ARCHITECTURE DE LYON,F LYON25,45.756529,4.83531,FRANCIA
DREXEL UNIVERSITY,USA PHILAD01,39.954521,-75.188637,STATI UNITI D'AMERICA
UNIVERSITY OF MIAMI,USA CORAL01,25.704781,-80.292839,STATI UNITI D'AMERICA
MCGILL UNIVERSITY,CAN MONTREA02,45.503651,-73.574806,CANADA
MINES PARISTECH,F PARIS081,40.212502,-92.813301,FRANCIA
UNIVERSIDAD DE OVIEDO,E OVIEDO01,43.367882,-5.84188,SPAGNA
HOGSKOLAN PA GOTLAND,Sæ VISBY01,57.638421,18.300034,SVEZIA
BEUTH HOCHSCHULE FUR TECHNIK BERLIN,D BERLIN04,52.49889,13.389855,GERMANIA
UNIVERSITY OF MARYLAND,USA COLLEGEP01,39.288311,-76.625107,STATI UNITI D'AMERICA
UNIVERSITA' TA MALTA,MT MALTA01,35.934052,14.380005,MALTA
UNIVERSITY OF CALIFORNIA,USA OAKLAND01,37.86972,-122.257782,STATI UNITI D'AMERICA
FASHION INSTITUTE OF TECHNOLOGY STATE UNIVERSITY OF NEW YORK,USA NEWYORK01,40.746342,-73.994781,STATI UNITI D'AMERICA
UNIVERSIDADE DE AVEIRO,P AVEIRO01,40.631828,-8.6577,PORTOGALLO
UNIVERSITEIT VAN AMSTERDAM,NL AMSTERD01,52.368759,4.89011,PAESI BASSI
UNIVERSIDAD DE ZARAGOZA,E ZARAGOZ01,41.64188,-0.89666,SPAGNA
UNIVERSIDADE DA CORUNA,E LA-CORU01,43.370155,-8.396744,SPAGNA
TECHNISCHE UNIVERSITAT GRAZ,A GRAZ02,47.068565,15.44318,AUSTRIA
UNIVERSIDADE FEDERAL DE SANTA CATARINA,BRA FLORIAN03,-27.590731,-48.54673,BRASILE
ECOLE NATIONALE SUPERIEURE DES MINES DE ST-ETIENNE,F ST-ETIE06,47.28054,5.972758,FRANCIA
UNIVERSIDAD SAN PABLO CEU,E MADRID21,35.889167,-5.315735,SPAGNA
TECHNION - ISRAEL INSTITUTE OF TECHNOLOGY,ISR HAIFA01,31.46494,35.104321,ISRAELE
"UNIVERSIDAD TECNICA ""FEDERICO SANTA MARIA""",CHL VALPARAI02,34.95313,-120.434994,CILE
ECOLE NATIONALE DES PONTS ET CHAUSSEES,F PARIS085,42.182465,-111.078487,FRANCIA
VYSOKA SKOLA BANSKA - TECHNICKA UNIVERZITA OSTRAVA,CZ OSTRAVA01,49.859138,18.307287,REPUBBLICA CECA
GROUPE ESC NORMANDIE (LE HAVRE & CAEN),F LE-HAVR04,50.129925,4.849905,FRANCIA
FACHHOCHSCHULE SALZBURG,A SALZBUR08,47.800673,13.043377,AUSTRIA
FACHHOCHSCHULE DORTMUND,D DORTMUN02,51.516615,7.458295,GERMANIA
UNIVERSITEIT WAGENINGEN,NL WAGENIN01,51.966855,5.66229,PAESI BASSI
UNIVERSIDAD FEDERAL DA BAHIA,BRA SALVADOR01,-14.526705,-37.734039,BRASILE
UNIVERSITY OF SOUTHAMPTON,UK SOUTHAM01,50.934349,-1.39637,REGNO UNITO
POLITECHNICKA WARSZAWSKA,PL WARSZAW02,52.220278,21.010556,POLONIA
RUPRECHT KARLS UNIVERSITAT HEIDELBERG,D HEIDELB01,49.409901,8.70774,GERMANIA
PONTIFICIA UNIVERSIDADE CATOLICA DO RIO DE JANEIRO,BRA RIODEJAN01,-22.979231,-43.231312,BRASILE
RIGAS TEHNISKA UNIVERSITATE,LV RIGA02,57.31867,24.43255,LETTONIA
UNIVERSIDAD DE BUENOS AIRES,ARG BUENOSAI04,-34.565359,-58.469685,ARGENTINA
CAPE PENINSULA UNIVERSITY OF TECHNOLOGY,ZAF CAPE-T01,-34.265305,18.427615,SUDAFRICA
UNIVERSITA' TECNICA DI BUDAPEST,HU BUDAPES02,47.506225,19.06482,UNGHERIA
SRISHTI SCHOOL OF ART DESIGN AND TECHNOLOGY,IND BANGALOR01,12.59589,80.172012,INDIA
UNIVERSIDAD CENTRAL DE ECUADOR,ECU QUITO01,40.454823,-3.677516,ECUADOR
ARTESIS HOGESCHOOL ANTWERPEN,B ANTWERP57,51.222085,4.39771,BELGIO
UNIVERSITY OF HOUSTON,USA HOUSTON01,29.72143,-95.34185,STATI UNITI D'AMERICA
VYSOKA SKOLA UMELECKOPRUMYSLOVÀ V PRAZE,CZ PRAHA05,50.1705,-5.3093,REPUBBLICA CECA
ECOLE NATIONALE SUPERIEURE D'ARCHITECTURE DE PARIS LA VILLETTE,F PARIS126,48.852615,2.36235,FRANCIA
ECOLE SUPERIEURE D'ELECTRICITE,F GIF-YVE02,35.710247,-101.416707,FRANCIA
TECHNISCHE UNIVERSITAT HAMBURG-HARBURG,D HAMBURG03,53.460816,9.979333,GERMANIA
UNIVERSITY OF MINNESOTA,USA MINNEAPO01,44.984982,-93.180527,STATI UNITI D'AMERICA
TOKYO INSTITUTE OF TECHNOLOGY,JPN MEGURO01,35.670479,139.740921,GIAPPONE
UNIVERSIDAD DE NAVARRA,E PAMPLON01,42.801949,-1.66145,SPAGNA
UNIVERSIDADE LUSOFONA DE HUMANIDADES E TECNOLOGIAS,P LISBOA52,41.143162,-8.60809,PORTOGALLO
INSTITUT NATIONAL DES SCIENCES APPLIQUEES DE TOULOUSE,F TOULOUS14,43.604336,1.43027,FRANCIA
UNIVERSITY OF THE WEST OF ENGLAND BRISTOL,UK BRISTOL02,51.501099,-2.54581,REGNO UNITO
ECOLE D'ARCHITECTURE DE PARIS BELLEVILLE,F PARIS190,48.87031,2.386,FRANCIA
UNIVERSIDAD CARLOS III DE MADRID,E MADRID14,40.31591,-3.72714,SPAGNA
INSTITUT NATIONAL DES SCIENCES APPLIQUEES DE RENNES,F RENNES10,48.10379,-1.67567,FRANCIA
IT UNIVERSITETET I KØBENHAVN,DK KOBENHA52,55.67631,12.569355,DANIMARCA
UNIVERSITAT FUR ANGEWANDTE KUNST,A WIEN07,56.821384,9.016175,AUSTRIA
ECOLE SUPERIEURE DE COMMERCE DE REIMS,F REIMS06,49.252741,4.047985,FRANCIA
ECOLE NATIONALE SUPERIEURE DES BEAUX-ARTS DE LYON,F LYON58,45.756529,4.83531,FRANCIA
UNIVERSITY OF TWENTE,NL ENSCHED01,52.40494,6.605515,PAESI BASSI
LULEA TEKNISKA UNIVERSITET,S LULEA01,65.617706,22.137991,SVEZIA
VIA UNIVERSITY COLLEGE,DK RISSKOV06,56.44066,-3.658779,DANIMARCA
TECHNOLOGICO EKPEDEFTIKO IDRIMA - ATHINAS,G ATHINE34,37.967936,23.73149,GRECIA
LAPIN YLIOPISTO,SF ROVANIE01,67.835106,25.283265,FINLANDIA
TRINITY COLLEGE DUBLIN,IRLDUBLIN01,53.344269,-6.25676,IRLANDA
LINKOPINGS UNIVERSITET OCH TEKNISKA HOGSKOLA,S LINKOPI01,58.590172,16.17557,SVEZIA
BAUHAUS UNIVERSITAT WEIMAR,D WEIMAR01,50.974789,11.32969,GERMANIA
UNIVERSIDADE DE COIMBRA,P COIMBRA01,40.210812,-8.416345,PORTOGALLO
ECOLE D'ARCHITECTURE DE TOULOUSE,F TOULOUS24,43.697541,0.85463,FRANCIA
INSTITUT NATIONAL DES SCIENCES APPLIQUEES DE LYON - INSA,F LYON12,45.756529,4.83531,FRANCIA
STRATE COLLEGE DESIGNERS,F ISSY-MO02,40.808266,-77.816669,FRANCIA
INSTITUT SUPERIEUR DE TECHNOLOGIE ET MANAGEMENT,F NOISY04,51.611897,11.885284,FRANCIA
UNIVERSIDADE ANHEMBI MORUMBI,BRA SAOPAUL03,-24.938708,-53.397383,BRASILE
KEIO UNIVERSITY,JPN MINATO01,35.648911,139.742096,GIAPPONE
SIMON FRASER UNIVERSITY,CAN BURNABY01,49.27742,-122.919739,CANADA
KOBENHAVNS ERHVERVSAKADEMI,DK KOBENHA58,55.778622,12.533464,DANIMARCA
ECOLE NATIONALE SUPERIEURE D'ARCHITECTURE DE NANTES,F NANTES13,47.23147,-1.56406,FRANCIA
OREBRO UNIVERSITET,S OREBRO01,59.25444,15.2455,SVEZIA
UNIVERSITE' DU QUEBEC A MONTREAL (UQAM),CAN MONTREA04,45.513821,-73.560371,CANADA
ESCUELA SUPERIOR DE DISEGNO DE LA REGION DE MURCIA,E MURCIA41,38.064211,-1.51594,SPAGNA
UNIVERSITA' DI SANTIAGO DEL CILE,,-33.463041,-70.647938,CILE
SOUTHERN POLYTECHNIC STATE UNIVERSITY,USA MARIETTA01,33.953289,-84.549049,STATI UNITI D'AMERICA
ECOLE NATIONALE SUPERIEURE D'ARCHITECTURE DE SAINT-ETIENNE,F ST-ETIE08,47.28054,5.972758,FRANCIA
DESIGNSKOLEN KOLDING,DK KOLDING07,55.486405,9.473455,DANIMARCA
UNIVERSIDAD PONTIFICIA COMILLAS,E MADRID02,40.43005,-3.71042,SPAGNA
UNIVERSIDADE NOVA DE LISBOA,P LISBOA03,38.73378,-9.16004,PORTOGALLO
ECOLE NATIONALE SUPERIEURE D'ARCHITECTURE ET DE PAYSAGE DE LILLE,F LILLE25,50.634306,3.068165,FRANCIA
HAME POLYTECHNIC UNIVERSITY OF APPLIED SCIENCES,SF HAMEENL09,40.69429,-73.985672,FINLANDIA
UNIVERSITAT INTERNACIONAL DE CATALUNYA,E BARCELO24,41.69216,1.741605,SPAGNA
RIJKSUNIVERSITEIT GRONINGEN,NL GRONING01,53.219109,6.56334,PAESI BASSI
UNIVERSITY OF CONNECTICUT,USA STORRS01,41.807919,-72.250793,STATI UNITI D'AMERICA
UNIVERSITAT DER KUNSTE BERLIN,D BERLIN03,52.509109,13.32633,GERMANIA
UNIVERSIDADE CATOLICA DE CAMPINAS,BRA CAMPINAS02,-22.909049,-47.064594,BRASILE
HOCHSCHULE FÜR ANGEWANDTE WISSENSCHAFTEN FH INGOLSTADT,D INGOLST01,48.753639,11.379525,GERMANIA
SWINBURNE UNIVERSITY OF TECHNOLOGY,,-37.851871,144.992065,AUSTRALIA
UNIVERSIDAD CATOLICA SAN ANTONIO DE MURCIA,E MURCIA05,18.40757,-66.046181,SPAGNA
ECOLE SUPERIEURE DES ARTS APPLIQUEES ET DU TEXTILE ROUBAIX,F ROUBAIX09,50.68725,3.18247,FRANCIA
LOUGHBOROUGH UNIVERSITY,UK LOUGHBO01,52.769199,-1.22462,REGNO UNITO
AALBORG UNIVERSITET,DK ALBORG01,57.01556,9.98693,DANIMARCA
UNIVERSIDADE MACKENZIE,BRA SAOPAUL05,-14.87207,-40.816811,BRASILE
HELSINKI UNIVERSITY OF TECHNOLOGY,SF ESPOO01,60.171162,24.932581,FINLANDIA
UMEA UNIVERSITET,S UMEA01,63.825249,20.26078,SVEZIA
UNIVERSIDAD DE SALAMANCA,E SALAMAN02,40.961441,-5.66743,SPAGNA
VISOKE UCENI TECHNICKE V BRNE,CZ BRNO01,49.201542,16.603614,REPUBBLICA CECA
ECOLE NATIONALE SUPERIEURE D'ARCHITECTURE ET DE PAYSAGE DE BORDEAUX,F BORDEAU16,44.863846,-0.58568,FRANCIA
ECOLE NATIONALE SUPERIEURE D'ARTS APPLIQUES E DES METIERS D'ART-OLIVIER DE SERRES,F PARIS323,48.8667,2.3333,FRANCIA
BIRMINGHAM CITY UNIVERSITY,UK BIRMING03,52.516762,-1.8975,REGNO UNITO
YRKESHOGSKOLAN SYDVAST,SF VAASA13,63.105278,21.595833,FINLANDIA
UNIVERSIDAD DE ALCALA',E ALCAL-H01,40.418739,-3.696787,SPAGNA
UNIVERSIDAD NACIONAL DE INGENIERIA,NIC MANA01,-34.909801,-57.925289,NICARAGUA
ECOLE D'ARCHITECTURE DE BRETAGNE,F RENNES16,49.31994,-1.354434,FRANCIA
ECOLE SUPERIEURE D'ARTS GRAPHIQUES ET D'ARCHITECTURE INTERIEURE,F PARIS226,47.183868,6.96267,FRANCIA
ECOLE NATIONALE SUPERIEURE DE L'ELECTRONIQUE ET DE SES APPLICATIONS,F CERGY01,47.224293,6.954612,FRANCIA
UNIVERSIDAD DE LA LAGUNA,E TENERIF01,38.988428,-1.282731,SPAGNA
UNIVERSITY OF BRADFORD,UK BRADFOR01,53.79084,-1.76343,REGNO UNITO
GLASGOW SCHOOL OF ART,UK GLASGOW03,55.866199,-4.26366,REGNO UNITO
INSTITUT SUPERIEUR D'ARCHITECTURE DE LA COMMUNAUTE FRANCAISE - LA CAMBRE,B BRUXEL56,50.81513,4.38158,BELGIO
VIRGINIA POLYTECHNIC INSTITUTE AND STATE UNIVERSITY DI BLACKSBURG,USA BLACKSB01,37.229408,-80.413841,STATI UNITI D'AMERICA
INSTITUT SUPERIEUR DE MECANIQUE DE PARIS,F ST-OUEN02,48.852615,2.36235,FRANCIA
KOBENHAVNS ERHVERVSAKADEMI,DK KOBENHA58,0,0,DANIMARCA
UNIVERSIDADE DE LISBOA,P LISBOA02,38.752941,-9.15747,PORTOGALLO
POLITECHNIKA KRAKOWSKA,PL KRAKOW03,50.071667,19.944167,POLONIA
NATIONAL INSTITUTE OF DESIGN,IND AHMEDAB01,23.01079,72.57135,INDIA
UNIVERSIDAD PONTIFICIA DE SALAMANCA,E SALAMAN01,40.96347,-5.66631,SPAGNA
UNIVERSIDAD CAMILO JOSE' CELA,E MADRID33,42.979028,-8.169453,SPAGNA
ECOLE SUPERIEURE D'ART ET DESIGN DE SAINT-ETIENNE,F ST-ETIE16,47.28054,5.972758,FRANCIA
ECOLE DES BEAUX-ARTS DE BORDEAUX,F BORDEAU36,44.830502,-0.56055,FRANCIA
BURG GIEBICHENSTEIN KUNSTHOCHSCHULE HALLE,D HALLE03,36.711021,-93.70724,GERMANIA
ECOLE NATIONALE SUPERIEURE D'ARCHITECTURE DE NANCY,F NANCY38,48.688101,6.17159,FRANCIA
UNIVERSITAT FUR BODENKULTUR WIEN,A WIEN03,48.202548,16.368805,AUSTRIA
GEORGIA INSTITUTE OF TECHNOLOGY,USA ATLANTA01,33.772701,-84.394157,STATI UNITI D'AMERICA
VRIJE UNIVERSITEIT,NL AMSTERD02,34.36997,-89.530204,PAESI BASSI
LAHDEN AMMATTIKORKEAKOULU,SF LAHTI11,60.98299,25.657391,FINLANDIA
UNIVERSITY OF FLORIDA,USA GAINSV01,29.647449,-82.339394,STATI UNITI D'AMERICA
UNIVERSITAT DE BARCELONA,E BARCELO01,41.38607,2.16346,SPAGNA
UNIVERSITAT AUTONOMA DE BARCELONA,E BARCELO02,41.504269,2.10265,SPAGNA
UNIVERSITY OF WARWICK,UK COVENTR01,52.383789,-1.5629,REGNO UNITO
UNIVERSIDAD DE LOS ANDES,COL BOGOTA03,-32.834314,-70.598339,COLOMBIA
UNIVERSIDAD COMPLUTENSE DE MADRID,E MADRID03,40.437099,-3.72398,SPAGNA
FACHHOCHSCHULE KOLN,D KOLN04,50.95804,6.96149,GERMANIA
ECOLE NATIONALE SUPERIEURE DE TECHNIQUES AVANCEES,F PARIS080,47.183868,6.96267,FRANCIA
MIKKELIN AMMATTIKORKEAKOULU,SF MIKKELI06,61.686741,27.271259,FINLANDIA
KYMENLAAKSON AMMATTIKORKEAKOULU,SF KOTKA06,60.466667,26.945833,FINLANDIA
BERN UNIVERSITY OF APPLIED SCIENCES,CH BERN11,46.948429,7.44046,SVIZZERA
UNIVERSITAT DE GIRONA,E GIRONA02,41.963996,2.831858,SPAGNA
BAUMAN MOSCOW STATE TECHNICAL UNIVERSITY,RUS MOSCOW01,34.36997,-89.530204,FEDERAZIONE RUSSA
TALLINNA TEHNIKAULIKOOL,EE TALLINN04,59.43647,24.7526,ESTONIA
UNIVERSITAT KARLSRUHE,D KARLSRU01,49.009319,8.41166,GERMANIA
UNIVERSITE DE TECHNOLOGIE DE COMPIEGNE,F COMPIEG01,49.407824,2.82195,FRANCIA
UNIVERSITE PIERRE MENDES FRANCE,F GRENOBL02,47.2523,-2.25803,FRANCIA
JIANGNAN UNIVERSITY,CHN WUXI01,34.36997,-89.530204,REPUBBLICA POPOLARE DI CINA
UNIVERSITE DE MONS (UMONS),B MONS21,33.922108,-116.743954,BELGIO
ECOLE SUPERIEURE DES ARTS APPLIQUES DUPERRE,F PARIS026,47.271004,5.991313,FRANCIA
ECOLE NATIONALE SUPERIEURE D'ARCHITECTURE DE VERSAILLES,F VERSAIL05,39.885515,-90.655969,FRANCIA
INSTITUT NATIONAL POLYTECHNIQUE DE GRENOBLE,F GRENOBL22,44.430231,4.8338,FRANCIA
TECHNISCHE UNIVERSITAT CAROLO-WILHELMINA,D BRAUNSC01,49.87458,8.65564,GERMANIA
ASSOCIACAO DE ENSINO DE ARQUITETURA E URBANISMO DE SAO PAULO,BRA SAOPAUL01,-23.562819,-46.654704,BRASILE
UNIVERSITA' STATALE DI TOMSK,RUS TOMSK02,56.532139,84.954754,FEDERAZIONE RUSSA
CARDIFF UNIVERSITY,UK CARDIFF01,51.4874,-3.1803,REGNO UNITO
KONSTFACK STOCKHOLM,S STOCKHO09,59.33228,18.06284,SVEZIA
HOCHSCHULE KONSTANZ,D KONSTAN02,47.663855,9.17758,GERMANIA
ECOLE SUPERIEURE D'ART ET DE DESIGN DE REIMS,Fæ REIMS23,49.252741,4.047985,FRANCIA
NATIONAL UNIVERSITY OF SINGAPORE,SGP SINGAPOR02,1.29321,104.013359,SINGAPORE
RHODE ISLAND SCHOOL OF DESIGN,USA PROVIDEN01,41.826012,-71.407654,STATI UNITI D'AMERICA
